path,status
/tips/545-1-ante-post-double-for-royal-ascot/,200
/tips/grand-national-2026-betting-preview/,200
/,200
/new-betting-sites-uk/,200
/tipster-stats/,200
/horse-racing-tips-tuesday-23rd-june-2026/,200
/betpro-iq-review/,200
/racing-tips-today/,200
/doncaster-racing-tips/,200
/horse-racing-tips-saturday-13th-june-2026/,200
/another-test/,200
/epsom-derby-day-tips-2026/,200
/epsom-oaks-day-horse-racing-tips/,200
/horse-racing-tips-thursday-4th-june-2026/,200
/horse-racing-tips-wednesday-3rd-june-2026/,200
/horse-racing-tips-tuesday-2nd-june-2026/,200
/horse-racing-tips-monday-1st-june-2026/,200
/horse-racing-tips-sunday-31st-may-2026/,200
/giddy-up-racing-club/,200
/horse-racing-tips-saturday-30th-may-2026/,200
/horse-racing-tips-friday-29th-may-2026/,200
/horse-racing-tips-wednesday-27th-may-2026/,200
/horse-racing-tips-tuesday-26th-may-2026/,200
/horse-racing-tips-monday-25th-may-2026/,200
/horse-racing-tips-sunday-24th-may-2026/,200
/horse-racing-tips-saturday-23rd-may-2026/,200
/horse-racing-tips-friday-22nd-may-2026/,200
/horse-racing-tips-thursday-21st-may-2026/,200
/horse-racing-tips-wednesday-20th-may-2026/,200
/horse-racing-tips-tuesday-19th-may-2025/,200
/horse-racing-tips-monday-18th-may-2026/,200
/horse-racing-tips-sunday-17th-may-2026/,200
/horse-racing-tips-saturday-16th-may-2026/,200
/vip-membership/,200
/race-card-page/,200
/fast-results/,200
/lucky-63-bet-calculator/,200
/lucky-31-bet-calculator/,200
/yankee-bet-calculator/,200
/super-heinz-bet-calculator/,200
/todays-racecards/,200
/double-bet-calculator/,200
/heinz-bet-calculator/,200
/patent-bet-calculator/,200
/each-way-acca-bet-calculator/,200
/lucky-15-bet-calculator/,200
/treble-bet-calculator/,200
/trixie-bet-calculator/,200
/free-bet-calculator/,200
/responsible-gambling/,200
/nap-of-the-day/,200
/grand-national-racecards/,200
/grand-national-fences/,200
/grand-national-aintree-racecourse/,200
/grand-national-betting-guide/,200
/grand-national/,200
/yesterday-racecard/,200
/tomorrows-racecards/,200
/racecards/,200
/racecourses/,200
/horse-racing/,200
/racing-hub/,200
/horse-detail-page/,200
/race-result-detail-page/,200
/results-listing-page/,200
/horse-profile-page/,200
/course-shortcode-test/,200
/shortcode-test-jockeys-trainers-owners/,200
/big-races/,200
/race-detail-page-winner-announced/,200
/race-detail-test-page/,200
/betting/50-back-up-to-25/,200
/betting/bet-10-get-30-in-free-bets-2/,200
/betting/bet-5-get-30-in-free-bets/,200
/betting/2243-2/,200
/betting/bet-10-get-30-in-free-bets/,200
/betting/pricedup/,200
/category/grand-national/,200
/category/tips/,200
/category/royal-ascot/,200
